{"DefaultTint":{"r":0.6000000238418579,"g":0.6000000238418579,"b":0.699999988079071,"a":0.699999988079071},"FoldersData":{"Keys":["4f7c20dc4603540a6a86d9cba41c513e"],"Values":[{"_guid":"4f7c20dc4603540a6a86d9cba41c513e","_color":{"r":0.24000000953674317,"g":0.4026646316051483,"b":0.800000011920929,"a":0.699999988079071},"_recursive":true}]}}